<?xml version="1.0" encoding="UTF-8"?>
<project-private xmlns="http://www.netbeans.org/ns/project-private/1">
    <editor-bookmarks xmlns="http://www.netbeans.org/ns/editor-bookmarks/2" lastBookmarkId="0"/>
    <open-files xmlns="http://www.netbeans.org/ns/projectui-open-files/2">
        <group>
            <file>file:/C:/Users/admin/Desktop/SE101.3_JAVA/Lab05%20-%202023.06.12/interface/src/pkginterface/InterfaceImplemented.java</file>
            <file>file:/C:/Users/admin/Desktop/SE101.3_JAVA/Lab05%20-%202023.06.12/interface/src/pkginterface/myinterface.java</file>
            <file>file:/C:/Users/admin/Desktop/SE101.3_JAVA/Lab05%20-%202023.06.12/interface/src/pkginterface/Interface.java</file>
        </group>
    </open-files>
</project-private>
