<?xml version="1.0" encoding="UTF-8"?>
<project-private xmlns="http://www.netbeans.org/ns/project-private/1">
    <editor-bookmarks xmlns="http://www.netbeans.org/ns/editor-bookmarks/2" lastBookmarkId="0"/>
    <open-files xmlns="http://www.netbeans.org/ns/projectui-open-files/2">
        <group>
            <file>file:/C:/Users/admin/Desktop/SE101.3_JAVA/Lab04%20-%202023.05.08/employee01obj/src/employee01obj/Employee01obj.java</file>
            <file>file:/C:/Users/admin/Desktop/SE101.3_JAVA/Lab04%20-%202023.05.08/employee01obj/src/employee01obj/employee.java</file>
        </group>
    </open-files>
</project-private>
